{"cameraMode":{"drawMode":0,"name":"Shaded","section":"Shading Mode"},"sceneLighting":true,"audioPlay":false,"sceneViewState":{"showFog":true,"showMaterialUpdate":false,"showSkybox":true,"showFlares":true,"showImageEffects":true,"showParticleSystems":true},"in2DMode":false,"pivot":{"x":0.03852841258049011,"y":-0.04273931682109833,"z":0.034341614693403247},"rotation":{"x":-0.048664432018995288,"y":0.8102701902389526,"z":-0.5800630450248718,"w":-0.06797770410776138},"size":0.16830402612686158,"orthographic":false}